system:index,LC_Prop1,LC_Prop1_Assessment,LC_Prop2,LC_Prop2_Assessment,LC_Prop3,LC_Prop3_Assessment,LC_Type1,LC_Type2,LC_Type3,LC_Type4,LC_Type5,LW,Latitude,Longitude,QC,ID,mode,.geo
0,42,99,40,99,40,99,7,7,2,1,5,2,-43.90241385,-65.76509847,0,1,8,"{""type"":""Point"",""coordinates"":[-65.76509647775707,-43.90241385428041]}"
1,31,92,30,92,30,92,10,10,1,6,6,2,-49.14997,-71.487126,0,2,8,"{""type"":""Point"",""coordinates"":[-71.48712642706516,-49.14996869689553]}"
2,31,86,30,86,30,86,10,10,1,6,6,2,-35.436814,-68.001143,0,3,8,"{""type"":""Point"",""coordinates"":[-68.00114391471486,-35.436814963414456]}"
3,42,99,40,99,40,99,7,7,2,1,5,2,-38.691321,-67.027077,0,4,8,"{""type"":""Point"",""coordinates"":[-67.02707558509489,-38.69132108097931]}"
4,31,99,30,99,30,99,10,10,1,6,6,2,-34.023781,-65.63239,0,5,8,"{""type"":""Point"",""coordinates"":[-65.63238917130546,-34.0237793487901]}"
5,43,99,40,99,40,99,7,7,2,1,5,2,-39.088162,-69.058273,0,6,8,"{""type"":""Point"",""coordinates"":[-69.0582719196574,-39.088163238331774]}"
6,31,99,36,99,30,99,12,12,1,6,7,2,-32.033513,-63.779423,0,7,8,"{""type"":""Point"",""coordinates"":[-63.77942310584919,-32.03351310279717]}"
7,31,84,36,98,30,84,12,12,3,5,8,2,-24.185186,-55.118802,0,8,1,"{""type"":""Point"",""coordinates"":[-55.11880097130973,-24.18518757075974]}"
8,22,99,20,99,20,99,9,9,4,4,4,2,-21.815828,-62.089606,0,9,7,"{""type"":""Point"",""coordinates"":[-62.089606629736394,-21.815826389607054]}"
9,22,86,20,71,20,71,9,9,4,4,4,2,-24.780189,-62.338143,0,10,7,"{""type"":""Point"",""coordinates"":[-62.33814354515231,-24.780187719826298]}"
0000000000000000000a,22,98,20,98,20,98,9,9,4,4,4,2,-28.596666,-54.787618,0,11,7,"{""type"":""Point"",""coordinates"":[-54.78761907696925,-28.596665424954818]}"
0000000000000000000b,1,99,1,99,1,99,16,15,9,7,11,2,-25.32747069,-70.14037748,0,12,13,"{""type"":""Point"",""coordinates"":[-70.14037534960028,-25.327471028519916]}"
0000000000000000000c,31,99,30,99,30,99,10,10,1,6,6,2,-22.171504,-51.666539,0,13,1,"{""type"":""Point"",""coordinates"":[-51.666538181125624,-22.171502126034113]}"
0000000000000000000d,31,99,30,99,30,99,10,10,1,6,6,2,-22.59471464,-49.95763879,0,14,7,"{""type"":""Point"",""coordinates"":[-49.95763675250407,-22.59471540701666]}"
0000000000000000000e,1,99,1,99,1,99,16,15,9,7,11,2,-20.199672,-67.390649,0,15,10,"{""type"":""Point"",""coordinates"":[-67.39064838948761,-20.19966980379613]}"
0000000000000000000f,12,99,10,99,10,99,2,2,5,2,2,2,-10.309415,-70.032083,0,16,1,"{""type"":""Point"",""coordinates"":[-70.03208162141628,-10.309414880960547]}"
10,12,99,10,99,10,99,2,2,5,2,2,2,-11.742246,-71.114795,0,17,1,"{""type"":""Point"",""coordinates"":[-71.11479594820348,-11.742244445161155]}"
11,12,99,10,99,10,99,2,2,5,2,2,2,-14.826428,-62.179807,0,18,1,"{""type"":""Point"",""coordinates"":[-62.17980532584551,-14.82642627978753]}"
12,12,99,10,99,10,99,2,2,5,2,2,2,-11.746512,-53.344691,0,19,1,"{""type"":""Point"",""coordinates"":[-53.3446896488826,-11.746511804869304]}"
13,21,73,20,73,20,73,8,8,4,4,4,2,-18.769628,-62.08026,0,20,7,"{""type"":""Point"",""coordinates"":[-62.080260353928374,-18.769627177753932]}"
14,31,99,30,99,30,99,10,10,1,6,6,2,-14.311033,-70.654118,0,21,10,"{""type"":""Point"",""coordinates"":[-70.65411730016987,-14.311034461828148]}"
15,22,79,20,79,20,79,9,9,4,4,4,2,-13.15045,-66.432657,0,22,7,"{""type"":""Point"",""coordinates"":[-66.43265511916529,-13.15045085334463]}"
16,31,91,30,91,30,91,10,10,1,6,6,2,-15.303158,-45.143605,0,23,7,"{""type"":""Point"",""coordinates"":[-45.14360463250707,-15.303157691613535]}"
17,31,99,30,99,30,99,10,10,1,6,6,2,-14.338407,-43.338407,0,24,2,"{""type"":""Point"",""coordinates"":[-43.338408916636354,-14.338408883195257]}"
18,22,88,20,88,20,88,9,9,1,4,4,2,-14.725375,-41.747071,0,25,2,"{""type"":""Point"",""coordinates"":[-41.74707168728891,-14.72537413171434]}"
19,31,99,30,99,30,99,10,10,1,6,6,2,-16.816896,-50.098511,0,26,1,"{""type"":""Point"",""coordinates"":[-50.098513132085586,-16.816897644428916]}"
0000000000000000001a,31,99,30,99,30,99,10,10,1,6,6,2,-11.043753,-39.966379,0,27,2,"{""type"":""Point"",""coordinates"":[-39.96637873170689,-11.043753019745177]}"
0000000000000000001b,12,99,10,99,10,99,2,2,5,2,2,2,-0.26432759,-71.26948175,0,28,1,"{""type"":""Point"",""coordinates"":[-71.26948216374751,-0.2643265922461648]}"
0000000000000000001c,12,99,10,99,10,99,2,2,5,2,2,2,-1.60555755,-71.55175781,0,29,1,"{""type"":""Point"",""coordinates"":[-71.5517566377338,-1.605557302606883]}"
0000000000000000001d,12,99,10,99,10,99,2,2,5,2,2,2,-2.678541517,-63.64802797,0,30,1,"{""type"":""Point"",""coordinates"":[-63.64802677510731,-2.678541870895458]}"
0000000000000000001e,12,99,10,99,10,99,2,2,5,2,2,2,-4.473253,-54.648013,0,31,1,"{""type"":""Point"",""coordinates"":[-54.64801354118798,-4.473254240189515]}"
0000000000000000001f,12,99,10,99,10,99,2,2,5,2,2,2,-4.928489,-69.128753,0,32,1,"{""type"":""Point"",""coordinates"":[-69.12875247090817,-4.928488325836858]}"
20,12,99,10,99,10,99,2,2,5,2,2,2,-5.881343,-58.987844,0,33,1,"{""type"":""Point"",""coordinates"":[-58.98784255965629,-5.8813447117456015]}"
21,12,99,10,99,10,99,2,2,5,2,2,2,-6.511772,-53.7028,0,34,1,"{""type"":""Point"",""coordinates"":[-53.70280005448484,-6.511772418681779]}"
22,12,99,10,99,10,99,2,2,5,2,2,2,-7.600934,-59.410057,0,35,1,"{""type"":""Point"",""coordinates"":[-59.410057002002866,-7.600934605592254]}"
23,12,99,10,99,10,99,2,2,5,2,2,2,-8.348099,-72.296481,0,36,1,"{""type"":""Point"",""coordinates"":[-72.2964800228719,-8.348097119006594]}"
24,12,99,10,99,10,99,2,2,5,2,2,2,-9.678935,-69.496133,0,37,1,"{""type"":""Point"",""coordinates"":[-69.49613334760052,-9.67893366481173]}"
25,12,99,10,99,10,99,2,2,5,2,2,2,-9.745056,-60.335094,0,38,1,"{""type"":""Point"",""coordinates"":[-60.335093056439156,-9.74505767433328]}"
26,22,97,20,97,20,97,9,9,4,4,4,2,-3.313982,-41.487668,0,39,2,"{""type"":""Point"",""coordinates"":[-41.48766794260575,-3.31398160741571]}"
27,31,93,30,93,30,93,10,10,1,6,6,2,-8.403021,-35.606546,0,40,1,"{""type"":""Point"",""coordinates"":[-35.60654618591282,-8.403019866681888]}"
28,12,99,10,99,10,99,2,2,5,2,2,2,9.733481,-83.245486,0,41,1,"{""type"":""Point"",""coordinates"":[-83.24548606343346,9.733481847998533]}"
29,12,99,10,99,10,99,2,2,5,2,2,2,7.069977866,-59.41388699,0,42,1,"{""type"":""Point"",""coordinates"":[-59.41388736980777,7.069976065855295]}"
0000000000000000002a,12,99,10,99,10,99,2,2,5,2,2,2,4.312105,-63.975557,0,43,1,"{""type"":""Point"",""coordinates"":[-63.97555666568502,4.312106787219036]}"
0000000000000000002b,12,99,10,99,10,99,2,2,5,2,2,2,2.945695741,-53.76836568,0,44,1,"{""type"":""Point"",""coordinates"":[-53.768366676374704,2.9456955332095074]}"
0000000000000000002c,12,99,10,99,10,99,2,2,5,2,2,2,1.772119526,-63.78916601,0,45,1,"{""type"":""Point"",""coordinates"":[-63.789166241650975,1.772118104256247]}"
0000000000000000002d,12,99,10,99,10,99,2,2,5,2,2,2,0.720435,-71.360518,0,46,1,"{""type"":""Point"",""coordinates"":[-71.36051917085467,0.7204346616999832]}"
0000000000000000002e,31,82,30,82,30,82,10,10,1,6,6,2,5.734292,-69.186039,0,47,7,"{""type"":""Point"",""coordinates"":[-69.1860385421418,5.734292477205063]}"
0000000000000000002f,22,99,20,99,20,99,9,9,4,2,2,2,3.996335,-71.684831,0,48,7,"{""type"":""Point"",""coordinates"":[-71.6848295904718,3.9963355461192647]}"
30,22,96,20,96,20,96,9,9,4,2,2,2,2.118965,-74.427862,0,49,1,"{""type"":""Point"",""coordinates"":[-74.42786343990323,2.118964820597481]}"
31,12,99,10,99,10,99,2,2,5,2,2,2,17.594038,-89.78266,0,50,1,"{""type"":""Point"",""coordinates"":[-89.78266198081671,17.594038694225574]}"
32,12,99,10,99,10,99,2,2,5,2,2,2,14.31837,-84.977614,0,51,1,"{""type"":""Point"",""coordinates"":[-84.97761494944241,14.318369683061066]}"
33,22,77,25,81,20,77,14,14,4,4,4,2,16.631831,-93.320167,0,52,2,"{""type"":""Point"",""coordinates"":[-93.32016494673852,16.63183157340775]}"
34,22,92,20,92,20,92,9,9,4,4,4,2,14.5577,-89.755541,0,53,2,"{""type"":""Point"",""coordinates"":[-89.75554172820966,14.557698554801616]}"
35,22,90,20,90,20,90,9,9,4,4,4,2,28.39444245,-108.2476463,0,54,3,"{""type"":""Point"",""coordinates"":[-108.24764783370028,28.394440733079993]}"
36,22,99,20,99,20,99,9,9,4,4,4,2,26.531811,-106.681547,0,55,3,"{""type"":""Point"",""coordinates"":[-106.68154911631537,26.5318117956409]}"
37,43,84,40,84,40,84,7,7,2,1,5,2,29.99962,-104.189549,0,56,13,"{""type"":""Point"",""coordinates"":[-104.18954927888974,29.999619012097327]}"
38,43,97,40,97,40,97,7,7,2,4,5,2,27.571072,-103.607599,0,57,13,"{""type"":""Point"",""coordinates"":[-103.60760091860664,27.57107218266227]}"
39,31,99,30,99,30,99,10,10,1,6,6,2,28.890987,-98.1605,0,58,4,"{""type"":""Point"",""coordinates"":[-98.1605013038498,28.89098838998752]}"
0000000000000000003a,42,98,40,98,40,98,7,7,2,4,5,2,25.163869,-104.788031,0,59,3,"{""type"":""Point"",""coordinates"":[-104.78803198587903,25.163871069970035]}"
0000000000000000003b,14,99,10,99,10,99,4,4,6,4,4,2,39.541338,-80.567695,0,60,4,"{""type"":""Point"",""coordinates"":[-80.56769332151498,39.54133721929242]}"
0000000000000000003c,14,99,10,99,10,99,4,4,6,4,4,2,35.797081,-93.493553,0,61,4,"{""type"":""Point"",""coordinates"":[-93.49355263210072,35.7970791148255]}"
0000000000000000003d,11,92,10,89,10,89,1,1,7,1,1,2,39.488931,-120.824861,0,62,5,"{""type"":""Point"",""coordinates"":[-120.8248589511192,39.488929404611284]}"
0000000000000000003e,22,89,20,89,20,89,9,9,4,1,1,2,34.260447,-110.508144,0,63,5,"{""type"":""Point"",""coordinates"":[-110.50814452173415,34.26044613720174]}"
0000000000000000003f,21,94,20,99,20,99,8,8,4,4,4,2,32.053393,-92.635415,0,64,5,"{""type"":""Point"",""coordinates"":[-92.63541647076927,32.053391775293434]}"
40,21,99,20,99,20,99,8,8,4,4,4,2,30.275423,-83.846578,0,65,8,"{""type"":""Point"",""coordinates"":[-83.84657734453903,30.27542333045507]}"
41,31,99,30,99,30,99,10,10,1,6,6,2,38.2555232,-109.571136,0,66,13,"{""type"":""Point"",""coordinates"":[-109.57113578096936,38.25552421682393]}"
42,1,99,1,99,1,99,16,15,9,7,11,2,32.240169,-113.240169,0,67,13,"{""type"":""Point"",""coordinates"":[-113.24016885066463,32.24017014111912]}"
43,43,96,40,96,40,96,7,7,2,1,5,2,30.63207406,-105.2837477,0,68,13,"{""type"":""Point"",""coordinates"":[-105.28374579088957,30.632075610012826]}"
44,31,99,36,98,30,99,12,12,1,6,7,2,38.633238,-98.913151,0,69,8,"{""type"":""Point"",""coordinates"":[-98.91315297066095,38.63323683065711]}"
45,31,99,30,99,30,99,10,10,1,6,6,2,32.1832,-97.065398,0,70,8,"{""type"":""Point"",""coordinates"":[-97.06539959433614,32.183200666060294]}"
46,31,99,36,99,30,99,12,12,3,5,8,2,39.890621,-88.292336,0,71,8,"{""type"":""Point"",""coordinates"":[-88.292336767633,39.89062306390989]}"
47,31,99,36,99,30,99,12,12,1,6,7,2,36.70113963,-86.79466536,0,72,4,"{""type"":""Point"",""coordinates"":[-86.79466741501423,36.70113955790639]}"
48,31,73,20,73,30,73,12,12,1,6,4,2,33.984167,-80.001356,0,73,8,"{""type"":""Point"",""coordinates"":[-80.00135627402,33.98416915413233]}"
49,14,99,10,99,10,99,4,4,6,4,4,2,44.376905,-75.044687,0,74,4,"{""type"":""Point"",""coordinates"":[-75.04468642952534,44.376906797377586]}"
0000000000000000004a,14,99,10,99,10,99,4,4,6,4,4,2,41.588198,-77.852451,0,75,4,"{""type"":""Point"",""coordinates"":[-77.85245304894966,41.5881983758557]}"
0000000000000000004b,15,99,10,99,10,99,5,5,7,1,1,2,47.913807,-75.9974,0,76,4,"{""type"":""Point"",""coordinates"":[-75.99740012420038,47.91380778465716]}"
0000000000000000004c,11,99,10,99,10,99,1,1,7,1,1,2,47.096376,-115.471645,0,77,5,"{""type"":""Point"",""coordinates"":[-115.47164570904265,47.09637429774156]}"
0000000000000000004d,11,99,10,99,10,99,1,1,7,1,1,2,42.602565,-123.690483,0,78,5,"{""type"":""Point"",""coordinates"":[-123.69048240671196,42.602563601695664]}"
0000000000000000004e,21,92,20,92,20,92,8,8,4,1,1,2,40.221385,-106.160511,0,79,5,"{""type"":""Point"",""coordinates"":[-106.16051207642231,40.22138580275134]}"
0000000000000000004f,15,99,10,99,10,99,5,5,6,4,4,2,48.335762,-65.419892,0,80,4,"{""type"":""Point"",""coordinates"":[-65.41989071060351,48.33576359914264]}"
50,15,99,10,99,10,99,5,5,6,4,4,2,47.71679,-67.793848,0,81,4,"{""type"":""Point"",""coordinates"":[-67.79384922494228,47.71679132281275]}"
51,15,99,10,99,10,99,5,5,6,4,4,2,46.745427,-70.403859,0,82,4,"{""type"":""Point"",""coordinates"":[-70.40385917174733,46.74542520843116]}"
52,31,99,30,99,30,99,10,10,1,6,6,2,46.592459,-105.114727,0,83,8,"{""type"":""Point"",""coordinates"":[-105.11472802455977,46.59246020589375]}"
53,31,93,30,93,30,93,10,10,1,6,6,2,42.001004,-116.441987,0,84,13,"{""type"":""Point"",""coordinates"":[-116.44198623018198,42.001004114979494]}"
54,32,99,30,99,30,99,10,10,1,6,6,2,41.241915,-108.279494,0,85,13,"{""type"":""Point"",""coordinates"":[-108.27949473342399,41.24191350624718]}"
55,31,99,30,99,30,99,10,10,1,6,6,2,46.337123,-101.066187,0,86,8,"{""type"":""Point"",""coordinates"":[-101.06618532330673,46.33712316137134]}"
56,31,99,30,99,30,99,10,10,1,6,6,2,42.127338,-100.903664,0,87,8,"{""type"":""Point"",""coordinates"":[-100.90366446721181,42.12733936602572]}"
57,31,99,36,99,30,99,12,12,1,6,7,2,49.271135,-102.671298,0,88,8,"{""type"":""Point"",""coordinates"":[-102.67129671580828,49.271135849820816]}"
58,31,99,36,99,30,99,12,12,1,6,7,2,43.544548,-96.336841,0,89,8,"{""type"":""Point"",""coordinates"":[-96.33684045051677,43.5445486992361]}"
59,31,99,36,99,30,99,12,12,1,6,7,2,42.73256,-82.205829,0,90,4,"{""type"":""Point"",""coordinates"":[-82.20582881641836,42.73255977470677]}"
0000000000000000005a,31,99,36,99,30,99,12,12,3,5,8,2,41.25156,-94.781119,0,91,8,"{""type"":""Point"",""coordinates"":[-94.78111806128322,41.25155854182579]}"
0000000000000000005b,11,99,10,99,10,99,1,1,7,1,1,2,59.752828,-126.709828,0,92,6,"{""type"":""Point"",""coordinates"":[-126.70982891202124,59.752828099981244]}"
0000000000000000005c,21,97,20,97,20,97,8,8,4,1,1,2,56.428545,-105.053168,0,93,6,"{""type"":""Point"",""coordinates"":[-105.05317013451693,56.428545969132074]}"
0000000000000000005d,21,99,20,99,20,99,8,8,4,1,1,2,52.382602,-124.28587,0,94,5,"{""type"":""Point"",""coordinates"":[-124.28587049757016,52.38260292379322]}"
0000000000000000005e,21,79,20,79,20,79,8,8,4,1,1,2,52.795269,-96.200026,0,95,6,"{""type"":""Point"",""coordinates"":[-96.20002631199498,52.79527043078437]}"
0000000000000000005f,21,90,20,90,20,90,8,8,4,1,1,2,53.041875,-59.590612,0,96,6,"{""type"":""Point"",""coordinates"":[-59.59061046275794,53.04187655544414]}"
60,21,91,20,79,20,79,8,8,4,1,1,2,50.212137,-67.514936,0,97,6,"{""type"":""Point"",""coordinates"":[-67.51493691315031,50.21213548602845]}"
61,11,99,10,99,10,99,1,1,7,1,1,2,50.265645,-85.780705,0,98,6,"{""type"":""Point"",""coordinates"":[-85.78070350826907,50.265644698669796]}"
62,11,99,10,99,10,99,1,1,7,1,1,2,57.658635,-118.521428,0,99,5,"{""type"":""Point"",""coordinates"":[-118.52143003814275,57.65863358573566]}"
63,22,82,20,82,20,82,9,9,4,4,4,2,57.280704,-93.99289,0,100,6,"{""type"":""Point"",""coordinates"":[-93.99289168626767,57.28070247595085]}"
64,22,97,20,97,20,97,9,9,4,1,1,2,59.940806,-115.823121,0,101,6,"{""type"":""Point"",""coordinates"":[-115.82312097227737,59.940805963990314]}"
65,21,98,20,98,20,98,8,8,4,1,1,2,57.18733549,-120.1032411,0,102,5,"{""type"":""Point"",""coordinates"":[-120.10324262764009,57.187333358992746]}"
66,31,84,30,84,30,84,10,10,1,6,6,2,57.159575,-157.684452,0,103,11,"{""type"":""Point"",""coordinates"":[-157.68445266495976,57.15957545493503]}"
67,42,99,40,99,40,99,7,7,2,1,5,2,57.839078,-72.582159,0,104,6,"{""type"":""Point"",""coordinates"":[-72.58215679096197,57.839080028065446]}"
68,31,93,30,93,30,93,10,10,1,6,6,2,57.182346,-63.547956,0,105,6,"{""type"":""Point"",""coordinates"":[-63.54795562926587,57.18234808401499]}"
69,31,99,36,99,30,99,12,12,1,6,7,2,52.110152,-104.750799,0,106,8,"{""type"":""Point"",""coordinates"":[-104.75079849208277,52.11015184942768]}"
0000000000000000006a,21,98,20,98,20,98,8,8,4,1,1,2,64.447089,-152.685572,0,107,6,"{""type"":""Point"",""coordinates"":[-152.68557296989323,64.4470887656827]}"
0000000000000000006b,21,91,20,91,20,91,8,8,4,1,1,2,61.002882,-127.620524,0,108,6,"{""type"":""Point"",""coordinates"":[-127.62052449746966,61.00288357110215]}"
0000000000000000006c,22,99,20,99,20,99,9,9,4,1,1,2,66.07174,-133.501002,0,109,6,"{""type"":""Point"",""coordinates"":[-133.50100414361088,66.07173993900044]}"
0000000000000000006d,22,88,20,88,20,88,9,9,4,4,4,2,62.29182,-121.309683,0,110,6,"{""type"":""Point"",""coordinates"":[-121.30968363135719,62.29181794430806]}"
0000000000000000006e,22,75,20,75,20,75,9,9,4,4,4,2,63.285049,-120.628622,0,111,6,"{""type"":""Point"",""coordinates"":[-120.62862283195913,63.285047031154704]}"
0000000000000000006f,42,99,40,99,40,99,7,7,2,4,5,2,61.382425,-163.955747,0,112,11,"{""type"":""Point"",""coordinates"":[-163.9557457638292,61.38242441636726]}"
70,42,99,40,99,40,99,7,7,2,4,5,2,68.922127,-158.789439,0,113,11,"{""type"":""Point"",""coordinates"":[-158.78944020150894,68.92212664629359]}"
71,42,99,40,99,40,99,7,7,2,4,5,2,67.916808,-145.462295,0,114,11,"{""type"":""Point"",""coordinates"":[-145.46229300982046,67.91680893649105]}"
72,1,99,1,99,1,99,16,15,9,7,11,2,62.105821,-125.62682,0,115,11,"{""type"":""Point"",""coordinates"":[-125.6268202845645,62.10581992116672]}"
73,31,99,30,99,51,99,10,10,1,6,6,2,68.490184,-121.441895,0,116,11,"{""type"":""Point"",""coordinates"":[-121.44189597759187,68.4901824454484]}"
74,32,99,30,99,51,99,10,10,1,6,6,2,64.409939,-83.856196,0,117,11,"{""type"":""Point"",""coordinates"":[-83.8561956255113,64.40993999480644]}"
75,32,98,30,98,51,98,10,10,1,6,6,2,60.501978,-72.371367,0,118,11,"{""type"":""Point"",""coordinates"":[-72.37136616596348,60.501979372465414]}"
76,32,98,30,98,51,98,10,10,1,6,6,2,69.117492,-72.296455,0,119,11,"{""type"":""Point"",""coordinates"":[-72.29645326826558,69.11749324074822]}"
77,31,98,30,98,30,98,10,10,1,6,6,2,-21.420532,30.4448,0,120,7,"{""type"":""Point"",""coordinates"":[30.44479782486915,-21.420531540320134]}"
78,42,99,40,99,40,99,7,7,2,4,5,2,-20.34815446,19.745625,0,121,7,"{""type"":""Point"",""coordinates"":[19.745626298130063,-20.348153409774824]}"
79,31,98,30,98,30,98,10,10,1,6,6,2,-21.904271,29.470052,0,122,7,"{""type"":""Point"",""coordinates"":[29.47005171188905,-21.904272659002157]}"
0000000000000000007a,42,98,40,98,40,98,7,7,2,4,5,2,-27.707551,23.82799,0,123,13,"{""type"":""Point"",""coordinates"":[23.827991280873455,-27.707551888605078]}"
0000000000000000007b,31,89,30,89,30,89,10,10,1,6,6,2,-23.95270998,20.21056398,0,124,13,"{""type"":""Point"",""coordinates"":[20.2105633876697,-23.952707878237284]}"
0000000000000000007c,31,99,30,99,30,99,10,10,1,6,6,2,-22.19234566,45.807658,0,125,1,"{""type"":""Point"",""coordinates"":[45.80765842048728,-22.192343964357924]}"
0000000000000000007d,43,98,40,98,40,98,7,7,2,2,5,2,-29.40145669,19.64598484,0,126,13,"{""type"":""Point"",""coordinates"":[19.64598322598976,-29.401457360383887]}"
0000000000000000007e,31,99,30,99,30,99,10,10,1,6,6,2,-27.60756162,27.95336352,0,127,10,"{""type"":""Point"",""coordinates"":[27.953364293277343,-27.60756100658261]}"
0000000000000000007f,31,99,30,99,30,99,10,10,1,6,6,2,-23.48327949,28.195326,0,128,7,"{""type"":""Point"",""coordinates"":[28.195324034639423,-23.48328047393682]}"
80,21,86,20,82,20,82,8,8,4,2,2,2,-11.00200407,18.6781349,0,129,7,"{""type"":""Point"",""coordinates"":[18.678135342339335,-11.002002456581762]}"
81,21,96,20,79,20,79,8,8,4,4,4,2,-12.66177614,29.16317594,0,130,7,"{""type"":""Point"",""coordinates"":[29.163176377390904,-12.661777968897493]}"
82,31,88,30,88,30,88,10,10,1,6,6,2,-11.99116116,16.433239,0,131,7,"{""type"":""Point"",""coordinates"":[16.433241048891485,-11.991160384166609]}"
83,22,84,20,84,20,84,9,9,4,4,4,2,-10.95170794,29.24383011,0,132,7,"{""type"":""Point"",""coordinates"":[29.243828138144572,-10.95170825579995]}"
84,21,89,20,89,20,89,8,8,4,4,4,2,-16.290337,36.509089,0,133,1,"{""type"":""Point"",""coordinates"":[36.50909053463553,-16.29033577833065]}"
85,31,99,30,99,30,99,10,10,1,6,6,2,-17.97639986,16.82308918,0,134,7,"{""type"":""Point"",""coordinates"":[16.82309133579215,-17.97639769135645]}"
86,31,96,30,96,30,96,10,10,1,6,6,2,-18.88173008,23.59803877,0,135,7,"{""type"":""Point"",""coordinates"":[23.598039898648306,-18.881728978237565]}"
87,31,98,30,98,30,98,10,10,1,6,6,2,-18.46259572,44.40681254,0,136,2,"{""type"":""Point"",""coordinates"":[44.40681398814306,-18.462595774718917]}"
88,31,91,30,91,30,91,10,10,1,6,6,2,-12.07498804,21.58168473,0,137,9,"{""type"":""Point"",""coordinates"":[21.581683452391665,-12.07498702487034]}"
89,31,99,30,99,30,99,10,10,1,6,6,2,-17.55726549,46.50382074,0,138,2,"{""type"":""Point"",""coordinates"":[46.503822195153354,-17.557264487837802]}"
0000000000000000008a,31,96,30,96,30,96,10,10,1,6,6,2,-17.95628,15.504162,0,139,7,"{""type"":""Point"",""coordinates"":[15.504160589799714,-17.956278227403295]}"
0000000000000000008b,12,87,10,88,10,88,2,2,5,2,2,2,-0.364919837,12.79038108,0,140,1,"{""type"":""Point"",""coordinates"":[12.790382902379926,-0.3649194529108503]}"
0000000000000000008c,12,99,10,99,10,99,2,2,5,2,2,2,-2.862960637,13.11299773,0,141,1,"{""type"":""Point"",""coordinates"":[13.112998863596736,-2.8629613722638725]}"
0000000000000000008d,12,99,10,99,10,99,2,2,5,2,2,2,-4.589794209,23.43673045,0,142,7,"{""type"":""Point"",""coordinates"":[23.4367319180399,-4.589792846221324]}"
0000000000000000008e,12,99,10,99,10,99,2,2,5,2,2,2,-0.733758076,28.03401768,0,143,1,"{""type"":""Point"",""coordinates"":[28.034016054031017,-0.7337584556476795]}"
0000000000000000008f,21,82,20,77,20,77,8,8,4,2,2,2,-9.51881431,19.00075155,0,144,7,"{""type"":""Point"",""coordinates"":[19.00075130355614,-9.518816264184593]}"
90,21,85,20,85,20,85,8,8,4,4,4,2,-6.098677913,30.37298837,0,145,7,"{""type"":""Point"",""coordinates"":[30.372988461504466,-6.098676837989501]}"
91,22,98,20,98,20,98,9,9,4,4,4,2,-5.444776,31.737217,0,146,7,"{""type"":""Point"",""coordinates"":[31.73721921509885,-5.444776423107983]}"
92,22,78,20,78,20,78,9,9,4,4,4,2,-9.569110433,30.29233421,0,147,7,"{""type"":""Point"",""coordinates"":[30.29233224164973,-9.569110464966412]}"
93,22,96,20,96,20,96,9,9,4,4,4,2,-6.903415889,30.85691334,0,148,7,"{""type"":""Point"",""coordinates"":[30.856912403329673,-6.903415264205932]}"
94,14,91,10,97,10,97,4,4,6,4,4,2,-9.196409,27.27949,0,149,7,"{""type"":""Point"",""coordinates"":[27.279491564777434,-9.1964098807173]}"
95,31,99,30,99,30,99,10,10,1,6,6,2,-0.180500718,40.4547586,0,150,7,"{""type"":""Point"",""coordinates"":[40.45475731548449,-0.18049995154243575]}"
96,31,99,30,99,30,99,10,10,1,6,6,2,-2.673826,35.191517,0,151,7,"{""type"":""Point"",""coordinates"":[35.191515355363336,-2.6738241419809126]}"
97,31,99,30,99,30,99,10,10,1,6,6,2,-5.075990069,32.87326739,0,152,7,"{""type"":""Point"",""coordinates"":[32.87326884958632,-5.075990929583795]}"
98,12,99,10,98,10,98,2,2,5,2,2,2,5.846105528,-8.58297181,0,153,1,"{""type"":""Point"",""coordinates"":[-8.58297134879475,5.846104436120218]}"
99,12,99,10,99,10,99,2,2,5,2,2,2,2.409203757,13.19365189,0,154,1,"{""type"":""Point"",""coordinates"":[13.193650624350415,2.4092032490652207]}"
0000000000000000009a,12,99,10,99,10,99,2,2,5,2,2,2,1.8562,28.193661,0,155,1,"{""type"":""Point"",""coordinates"":[28.193660789946488,1.8561989137200225]}"
0000000000000000009b,12,99,10,99,10,99,2,2,5,2,2,2,7.774123594,35.29289225,0,156,1,"{""type"":""Point"",""coordinates"":[35.292893017813434,7.774121631407041]}"
0000000000000000009c,22,99,20,99,20,99,9,9,4,4,4,2,9.350068796,-8.018392677,0,157,7,"{""type"":""Point"",""coordinates"":[-8.018391187114808,9.350070503019042]}"
0000000000000000009d,22,99,20,99,20,99,9,9,4,4,4,2,7.103508615,13.43561438,0,158,7,"{""type"":""Point"",""coordinates"":[13.435614824813548,7.103508505777209]}"
0000000000000000009e,22,99,20,99,20,99,9,9,4,4,4,2,7.723827471,24.8078512,0,159,7,"{""type"":""Point"",""coordinates"":[24.807851982761864,7.723827430625225]}"
0000000000000000009f,22,99,20,99,20,99,9,9,4,4,4,2,5.795809404,29.40513843,0,160,7,"{""type"":""Point"",""coordinates"":[29.405140577854038,5.795810235338403]}"
000000000000000000a0,12,85,10,88,10,88,2,2,5,2,2,2,4.756356186,15.45196843,0,161,7,"{""type"":""Point"",""coordinates"":[15.451966811969129,4.7563581069717396]}"
000000000000000000a1,22,99,20,99,20,99,9,9,4,4,4,2,4.856948433,28.75990513,0,162,7,"{""type"":""Point"",""coordinates"":[28.759904196319358,4.856946508535373]}"
000000000000000000a2,31,99,36,99,30,99,12,12,3,5,8,2,8.277084829,4.321694088,0,163,7,"{""type"":""Point"",""coordinates"":[4.321693854483944,8.277085934730469]}"
000000000000000000a3,31,99,30,99,30,99,10,10,1,6,6,2,9.417130294,25.61439282,0,164,7,"{""type"":""Point"",""coordinates"":[25.61439188580389,9.417130923761817]}"
000000000000000000a4,22,91,20,91,20,91,9,9,4,4,4,2,5.980228524,31.17952999,0,165,7,"{""type"":""Point"",""coordinates"":[31.179528364546474,5.980229736706818]}"
000000000000000000a5,31,99,30,99,30,99,10,10,1,6,6,2,8.344146327,41.90653352,0,166,7,"{""type"":""Point"",""coordinates"":[41.90653360006119,8.344146355473239]}"
000000000000000000a6,31,99,30,99,30,99,10,10,1,6,6,2,1.420046662,41.269659,0,167,7,"{""type"":""Point"",""coordinates"":[41.269658033001726,1.4200453214803743]}"
000000000000000000a7,43,88,40,88,40,88,7,7,2,4,5,2,7.304693108,47.2297082,0,168,7,"{""type"":""Point"",""coordinates"":[47.2297103374417,7.304694227106579]}"
000000000000000000a8,1,99,1,99,1,99,16,15,9,7,11,2,3.297768605,36.98662964,0,169,7,"{""type"":""Point"",""coordinates"":[36.9866290437522,3.29776831598538]}"
000000000000000000a9,31,99,36,99,30,99,12,12,1,6,7,2,9.802733908,39.64821699,0,170,10,"{""type"":""Point"",""coordinates"":[39.64821741244247,9.802731687358548]}"
000000000000000000aa,31,99,36,99,30,99,12,12,3,5,8,2,1.252392917,34.08307982,0,171,7,"{""type"":""Point"",""coordinates"":[34.083080933699875,1.252392040072916]}"
000000000000000000ab,21,99,20,99,20,99,8,8,4,2,2,2,8.092665709,-11.153066,0,172,1,"{""type"":""Point"",""coordinates"":[-11.153067882070403,8.092666433362055]}"
000000000000000000ac,22,81,25,87,20,81,14,14,4,2,2,2,2.107427016,32.87326739,0,173,7,"{""type"":""Point"",""coordinates"":[32.87326884958632,2.107429126172217]}"
000000000000000000ad,31,99,30,99,30,99,10,10,1,6,6,2,8.876353,10.11271,0,174,7,"{""type"":""Point"",""coordinates"":[10.112710556189892,8.876353443505167]}"
000000000000000000ae,22,95,20,95,20,95,9,9,4,4,4,2,10.49795106,-8.98624262,0,175,7,"{""type"":""Point"",""coordinates"":[-8.98624352986629,10.497950132601295]}"
000000000000000000af,31,99,30,99,30,99,10,10,1,6,6,2,12.49303063,36.34139635,0,176,7,"{""type"":""Point"",""coordinates"":[36.3413971213186,12.493032207731941]}"
000000000000000000b0,31,94,30,94,30,94,10,10,1,6,6,2,16.26523989,-10.76063418,0,177,7,"{""type"":""Point"",""coordinates"":[-10.76063577565979,16.265239957601857]}"
000000000000000000b1,31,99,30,99,30,99,10,10,1,6,6,2,12.89539962,9.241597962,0,178,7,"{""type"":""Point"",""coordinates"":[9.24159841079292,12.89539919128963]}"
000000000000000000b2,31,99,30,99,30,99,10,10,1,6,6,2,12.32537688,28.75990513,0,179,7,"{""type"":""Point"",""coordinates"":[28.759904196319358,12.325378926324483]}"
000000000000000000b3,1,99,1,99,1,99,16,15,9,7,11,2,16.48318976,-6.244001116,0,180,7,"{""type"":""Point"",""coordinates"":[-6.2439989413213,16.48319189889219]}"
000000000000000000b4,1,99,1,99,1,99,16,15,9,7,11,2,14.68929469,13.11299773,0,181,7,"{""type"":""Point"",""coordinates"":[13.112998863596735,14.689295545090907]}"
000000000000000000b5,43,99,40,99,40,99,7,7,2,2,5,2,10.95061618,49.89129554,0,182,13,"{""type"":""Point"",""coordinates"":[49.89129424703091,10.950615776041854]}"
000000000000000000b6,31,99,30,99,30,99,10,10,1,6,6,2,14.772674,-15.403516,0,183,7,"{""type"":""Point"",""coordinates"":[-15.403514219922391,14.772671816588238]}"
000000000000000000b7,31,99,30,99,30,99,10,10,1,6,6,2,12.69421512,-1.485405566,0,184,7,"{""type"":""Point"",""coordinates"":[-1.4854068247217835,12.694213469960259]}"
000000000000000000b8,31,99,30,99,30,99,10,10,1,6,6,2,12.00683477,16.90374334,0,185,7,"{""type"":""Point"",""coordinates"":[16.903743096545824,12.00683412436947]}"
000000000000000000b9,31,99,30,99,30,99,10,10,1,6,6,2,10.69913556,39.4062545,0,186,10,"{""type"":""Point"",""coordinates"":[39.406253211979326,10.699135853930665]}"
000000000000000000ba,31,99,30,99,30,99,10,10,1,6,6,2,14.03544508,-8.824934296,0,187,7,"{""type"":""Point"",""coordinates"":[-8.824935549257882,14.035444180320976]}"
000000000000000000bb,31,99,36,99,30,99,12,12,3,5,8,2,10.96738155,16.33916421,0,188,7,"{""type"":""Point"",""coordinates"":[16.339162934865886,10.96738199600281]}"
000000000000000000bc,31,99,30,99,30,99,10,10,1,6,6,2,12.02360014,20.3718723,0,189,7,"{""type"":""Point"",""coordinates"":[20.371871368278104,12.023600344330427]}"
000000000000000000bd,1,99,1,99,1,99,16,15,9,7,11,2,19.61831479,-11.64782996,0,190,7,"{""type"":""Point"",""coordinates"":[-11.647831898556543,19.618314503953123]}"
000000000000000000be,1,99,1,99,1,99,16,15,9,7,11,2,17.82441972,-8.58297181,0,191,7,"{""type"":""Point"",""coordinates"":[-8.582971348794748,17.824418150151853]}"
000000000000000000bf,1,99,1,99,1,99,16,15,9,7,11,2,18.24355408,-0.678863947,0,192,7,"{""type"":""Point"",""coordinates"":[-0.6788624625787075,18.24355581277155]}"
000000000000000000c0,1,99,1,99,1,99,16,15,9,7,11,2,17.10350861,10.2094479,0,193,13,"{""type"":""Point"",""coordinates"":[10.209446294443346,17.103510823740205]}"
000000000000000000c1,1,99,1,99,1,99,16,15,9,7,11,2,16.019673,20.094195,0,194,7,"{""type"":""Point"",""coordinates"":[20.094194227477928,16.01967280348754]}"
000000000000000000c2,1,99,1,99,1,99,16,15,9,7,11,2,17.38851998,27.06616773,0,195,7,"{""type"":""Point"",""coordinates"":[27.066168170380585,17.388518726672253]}"
000000000000000000c3,1,99,1,99,1,99,16,15,9,7,11,2,19.43389567,34.64765895,0,196,13,"{""type"":""Point"",""coordinates"":[34.64766109537982,19.433895002584713]}"
000000000000000000c4,1,99,1,99,1,99,16,15,9,7,11,2,16.03052465,46.90709155,0,197,13,"{""type"":""Point"",""coordinates"":[46.90708991712384,16.03052625545163]}"
000000000000000000c5,1,99,1,99,1,99,16,15,9,7,11,2,18.98123056,51.10110797,0,198,13,"{""type"":""Point"",""coordinates"":[51.10110633114446,18.98122935914416]}"
000000000000000000c6,1,99,1,99,1,99,16,15,9,7,11,2,10.51471644,50.05260387,0,199,7,"{""type"":""Point"",""coordinates"":[50.052602227639305,10.514716352562251]}"
000000000000000000c7,1,99,1,99,1,99,16,15,9,7,11,2,19.45066104,53.52073283,0,200,13,"{""type"":""Point"",""coordinates"":[53.52073495847264,19.45066122254567]}"
000000000000000000c8,1,99,1,99,1,99,16,15,9,7,11,2,29.81949928,-4.146992908,0,201,13,"{""type"":""Point"",""coordinates"":[-4.146990734310989,29.819498084144445]}"
000000000000000000c9,1,99,1,99,1,99,16,15,9,7,11,2,28.27708483,-5.034188688,0,202,13,"{""type"":""Point"",""coordinates"":[-5.0341868572077395,28.277086111555402]}"
000000000000000000ca,1,99,1,99,1,99,16,15,9,7,11,2,22.12419239,-13.74483817,0,203,13,"{""type"":""Point"",""coordinates"":[-13.74484010556686,22.124191063857054]}"
000000000000000000cb,1,99,1,99,1,99,16,15,9,7,11,2,23.13011486,8.918981315,0,204,13,"{""type"":""Point"",""coordinates"":[8.91898244957611,23.13011521140286]}"
000000000000000000cc,1,99,1,99,1,99,16,15,9,7,11,2,28.39444245,14.72608097,0,205,13,"{""type"":""Point"",""coordinates"":[14.726083128781838,28.394440733079993]}"
000000000000000000cd,1,99,1,99,1,99,16,15,9,7,11,2,29.3500688,24.16261791,0,206,13,"{""type"":""Point"",""coordinates"":[24.162620060328244,29.35007067984398]}"
000000000000000000ce,1,99,1,99,1,99,16,15,9,7,11,2,27.87,28.8718,0,207,13,"{""type"":""Point"",""coordinates"":[28.871800878154534,27.870001399083165]}"
000000000000000000cf,1,99,1,99,1,99,16,15,9,7,11,2,25.15872517,22.71084299,0,208,13,"{""type"":""Point"",""coordinates"":[22.710843775751552,25.158725267354367]}"
000000000000000000d0,1,99,1,99,1,99,16,15,9,7,11,2,21.03444305,33.76046317,0,209,13,"{""type"":""Point"",""coordinates"":[33.760464972483064,21.034444734708575]}"
000000000000000000d1,1,99,1,99,1,99,16,15,9,7,11,2,29.0895,39.2092,0,210,13,"{""type"":""Point"",""coordinates"":[39.20920107732651,29.089498650684813]}"
000000000000000000d2,1,99,1,99,1,99,16,15,9,7,11,2,26.7713,45.7944,0,211,13,"{""type"":""Point"",""coordinates"":[45.794401513055384,26.771301195019372]}"
000000000000000000d3,1,99,1,99,1,99,16,15,9,7,11,2,22.86186887,48.19755814,0,212,13,"{""type"":""Point"",""coordinates"":[48.19755822109213,22.861869069330716]}"
000000000000000000d4,1,99,1,99,1,99,16,15,9,7,11,2,20.46442032,47.47167069,0,213,13,"{""type"":""Point"",""coordinates"":[47.471670078803776,20.464420010642375]}"
000000000000000000d5,1,99,1,99,1,99,16,15,9,7,11,2,21.60446578,58.03736589,0,214,13,"{""type"":""Point"",""coordinates"":[58.03736733371008,21.604464999673723]}"
000000000000000000d6,1,99,1,99,1,99,16,15,9,7,11,2,25.89640165,59.24717832,0,215,13,"{""type"":""Point"",""coordinates"":[59.24717941782365,25.896403272828017]}"
000000000000000000d7,1,99,1,99,1,99,16,15,9,7,11,2,29.9976,59.2805,0,216,13,"{""type"":""Point"",""coordinates"":[59.280497820894986,29.997599039320125]}"
000000000000000000d8,1,99,1,99,1,99,16,15,9,7,11,2,26.9185,18.8153,0,217,13,"{""type"":""Point"",""coordinates"":[18.815301749844384,26.918500579894673]}"
000000000000000000d9,1,99,1,99,1,99,16,15,9,7,11,2,20.88355468,8.757672991,0,218,13,"{""type"":""Point"",""coordinates"":[8.757674468967707,20.883553214161026]}"
000000000000000000da,1,99,1,99,1,99,16,15,9,7,11,2,26.11435152,5.208889869,0,219,13,"{""type"":""Point"",""coordinates"":[5.208889977380696,26.1143507550173]}"
000000000000000000db,1,99,1,99,1,99,16,15,9,7,11,2,20.6595,-13.9751,0,220,13,"{""type"":""Point"",""coordinates"":[-13.975099165764696,20.65950122262958]}"
000000000000000000dc,1,99,1,99,1,99,16,15,9,7,11,2,24.06897583,34.3250423,0,221,13,"{""type"":""Point"",""coordinates"":[34.32504067506196,24.068974479104828]}"
000000000000000000dd,1,99,1,99,1,99,16,15,9,7,11,2,22.24155001,42.7937293,0,222,13,"{""type"":""Point"",""coordinates"":[42.793729722957934,22.241550144482698]}"
000000000000000000de,1,99,1,99,1,99,16,15,9,7,11,2,24.5751,6.51508,0,223,13,"{""type"":""Point"",""coordinates"":[6.515081071663436,24.575100285075155]}"
000000000000000000df,1,99,1,99,1,99,16,15,9,7,11,2,25.87963628,59.08587,0,224,13,"{""type"":""Point"",""coordinates"":[59.08587143721524,25.879637052867064]}"
0.00E+00,31,99,36,99,30,99,12,12,1,6,7,2,35.09166368,-1.001480595,0,225,12,"{""type"":""Point"",""coordinates"":[-1.0014784237955168,35.09166270547353]}"
0.00E+00,31,94,30,94,30,94,10,10,1,6,6,2,37.48911223,40.93868358,0,226,4,"{""type"":""Point"",""coordinates"":[40.93868571641076,37.48911176416187]}"
0.00E+00,31,97,30,97,30,97,10,10,1,6,6,2,35.56109416,46.66512907,0,227,4,"{""type"":""Point"",""coordinates"":[46.66513017576175,35.56109456887505]}"
0.00E+00,1,99,1,99,1,99,16,15,9,7,11,2,30.43088957,-7.373159382,0,228,12,"{""type"":""Point"",""coordinates"":[-7.373159264681189,30.430889888683453]}"
0.00E+00,1,96,1,96,1,96,7,7,2,1,5,2,34.72282544,9.483560448,0,229,12,"{""type"":""Point"",""coordinates"":[9.483562611256053,34.722823702736704]}"
0.00E+00,1,99,1,99,1,99,16,15,9,7,11,2,31.80565028,20.69448895,0,230,12,"{""type"":""Point"",""coordinates"":[20.69448732949492,31.805648579865046]}"
0.00E+00,31,99,36,99,30,99,12,12,1,6,7,2,36.86879337,41.26130022,0,231,12,"{""type"":""Point"",""coordinates"":[41.26130167762757,36.868792839313855]}"
0.00E+00,31,99,36,99,30,99,12,12,3,5,8,2,39.0644,-2.06934,0,232,12,"{""type"":""Point"",""coordinates"":[-2.0693394849736824,39.06440068881796]}"
0.00E+00,31,99,36,99,30,99,12,12,1,6,7,2,30.9501,31.0539,0,233,9,"{""type"":""Point"",""coordinates"":[31.05390211056776,30.950098697144586]}"
0.00E+00,31,99,36,99,30,99,12,12,1,6,7,2,38.00883884,40.85802941,0,234,4,"{""type"":""Point"",""coordinates"":[40.85802949655603,38.0088378283452]}"
000000000000000000ea,1,99,1,99,1,99,16,15,9,7,11,2,30.43088957,-3.098488803,0,235,13,"{""type"":""Point"",""coordinates"":[-3.0984866308058296,30.43088988868346]}"
000000000000000000eb,1,99,1,99,1,99,16,15,9,7,11,2,32.94569574,7.467206401,0,236,13,"{""type"":""Point"",""coordinates"":[7.467206164999415,32.94569356889639]}"
000000000000000000ec,1,99,1,99,1,99,16,15,9,7,11,2,30.46442032,5.370198193,0,237,13,"{""type"":""Point"",""coordinates"":[5.370197957989101,30.464422328605366]}"
000000000000000000ed,1,99,1,99,1,99,16,15,9,7,11,2,30.53148181,22.38822635,0,238,13,"{""type"":""Point"",""coordinates"":[22.388227814534744,30.53148274934814]}"
000000000000000000ee,1,99,1,99,1,99,16,15,9,7,11,2,30.43088957,40.4547586,0,239,13,"{""type"":""Point"",""coordinates"":[40.45475731548449,30.43088988868346]}"
000000000000000000ef,1,99,1,99,1,99,16,15,9,7,11,2,32.92893037,56.90820763,0,240,13,"{""type"":""Point"",""coordinates"":[56.908207010350196,32.92893180803648]}"
000000000000000000f0,1,99,1,99,1,99,16,15,9,7,11,2,39.55125329,58.84390751,0,241,13,"{""type"":""Point"",""coordinates"":[58.843907236752116,39.55125426003528]}"
000000000000000000f1,21,92,20,94,20,94,8,8,4,4,4,2,44.2198642,10.53206455,0,242,4,"{""type"":""Point"",""coordinates"":[10.532066714761209,44.21986617647732]}"
000000000000000000f2,14,99,10,99,10,99,4,4,6,4,4,2,44.5329,38.8881,0,243,4,"{""type"":""Point"",""coordinates"":[38.88810121046787,44.532899529530276]}"
000000000000000000f3,21,93,20,85,20,85,8,8,4,1,1,2,43.860275,-1.098893,0,244,4,"{""type"":""Point"",""coordinates"":[-1.098891945409095,43.86027534932534]}"
000000000000000000f4,11,99,10,99,10,99,1,1,7,1,1,2,47.12027399,25.69504698,0,245,5,"{""type"":""Point"",""coordinates"":[25.69504810565862,47.12027507938803]}"
000000000000000000f5,31,99,30,99,30,99,10,10,1,6,6,2,48.32738095,49.5686789,0,246,13,"{""type"":""Point"",""coordinates"":[49.568678285814094,48.32738048916215]}"
000000000000000000f6,31,99,30,99,30,99,10,10,1,6,6,2,49.68537629,54.48858277,0,247,8,"{""type"":""Point"",""coordinates"":[54.48858284212307,49.68537741948383]}"
000000000000000000f7,31,99,36,99,30,99,12,12,1,6,7,2,42.12419239,-5.11484285,0,248,12,"{""type"":""Point"",""coordinates"":[-5.114843077062469,42.12419124068199]}"
000000000000000000f8,31,99,36,99,30,99,12,12,3,5,8,2,48.22678871,1.982723394,0,249,4,"{""type"":""Point"",""coordinates"":[1.982721447010496,48.22678762849747]}"
000000000000000000f9,31,99,36,99,30,99,12,12,1,6,7,2,44.8702,11.9698,0,250,4,"{""type"":""Point"",""coordinates"":[11.969801290120605,44.87019931051609]}"
000000000000000000fa,31,99,36,99,30,99,12,12,1,6,7,2,46.1107,19.9447,0,251,4,"{""type"":""Point"",""coordinates"":[19.944698405560104,46.11069892807946]}"
000000000000000000fb,31,99,36,99,30,99,12,12,3,5,8,2,41.47034279,27.1468219,0,252,4,"{""type"":""Point"",""coordinates"":[27.146819931134264,41.47034433501311]}"
000000000000000000fc,31,99,36,99,30,99,12,12,3,5,8,2,47.0995,33.3209,0,253,8,"{""type"":""Point"",""coordinates"":[33.32090016793753,47.09950012758003]}"
000000000000000000fd,31,99,30,99,30,99,10,10,1,6,6,2,45.42697117,46.10054994,0,254,13,"{""type"":""Point"",""coordinates"":[46.100550014081826,45.42697158625144]}"
000000000000000000fe,32,95,30,95,30,95,10,10,1,6,6,2,47.82441972,53.03680786,0,255,13,"{""type"":""Point"",""coordinates"":[53.03680655754637,47.824420644939785]}"
000000000000000000ff,1,99,1,99,1,99,16,15,9,7,11,2,41.97330402,55.53708687,0,256,13,"{""type"":""Point"",""coordinates"":[55.537086945628225,41.97330417923548]}"
100,15,99,10,99,10,99,5,5,6,4,4,2,57.6045,42.5802,0,257,6,"{""type"":""Point"",""coordinates"":[42.58020120991263,57.604500098946815]}"
101,14,92,10,99,10,99,4,4,6,4,4,2,54.73959081,57.3921326,0,258,4,"{""type"":""Point"",""coordinates"":[57.39213095217541,54.7395900995226]}"
102,11,99,10,98,10,98,1,1,7,1,1,2,59.40036492,9.725522933,0,259,6,"{""type"":""Point"",""coordinates"":[9.725522352618134,59.400362916312666]}"
103,15,99,10,99,10,99,5,5,7,1,1,2,59.65184554,58.68259919,0,260,6,"{""type"":""Point"",""coordinates"":[58.68259925614369,59.65184729752492]}"
104,15,99,10,99,10,99,5,5,6,4,4,2,57.262676,32.216976,0,261,4,"{""type"":""Point"",""coordinates"":[32.2169738974391,57.262674330391775]}"
105,15,99,10,99,10,99,5,5,8,3,3,2,57.25439698,50.617183,0,262,4,"{""type"":""Point"",""coordinates"":[50.61718238931926,57.25439823883657]}"
106,22,76,20,76,20,76,9,9,4,2,2,2,53.90132209,-6.969888573,0,263,4,"{""type"":""Point"",""coordinates"":[-6.969887083609648,53.9013236924853]}"
107,31,99,30,99,30,99,10,10,1,6,6,2,51.9230079,-4.313013,0,264,4,"{""type"":""Point"",""coordinates"":[-4.313011984732884,51.92300783731561]}"
108,31,99,36,99,30,99,12,12,1,6,7,2,53.18041098,-0.114284814,0,265,4,"{""type"":""Point"",""coordinates"":[-0.11428675999981787,53.18041190697261]}"
109,31,99,36,99,30,99,12,12,3,5,8,2,50.88355468,2.572113,0,266,4,"{""type"":""Point"",""coordinates"":[2.572112046951812,50.88355570894895]}"
0000000000000000010a,31,99,36,99,30,99,12,12,1,6,7,2,51.0679738,11.49991449,0,267,4,"{""type"":""Point"",""coordinates"":[11.499914598411639,51.067975210317364]}"
0000000000000000010b,31,99,36,99,30,99,12,12,1,6,7,2,50.58177794,25.61439282,0,268,4,"{""type"":""Point"",""coordinates"":[25.614391885803887,50.58177712695488]}"
0000000000000000010c,22,76,25,78,20,76,14,14,4,4,4,2,56.28200526,30.61495086,0,269,4,"{""type"":""Point"",""coordinates"":[30.614952661967596,56.28200653121267]}"
0000000000000000010d,31,99,36,99,30,99,12,12,1,6,7,2,53.28100323,53.27877034,0,270,8,"{""type"":""Point"",""coordinates"":[53.27877075800951,53.281004767637285]}"
0000000000000000010e,11,99,10,99,10,99,1,1,7,1,1,2,63.17708,44.039567,0,271,6,"{""type"":""Point"",""coordinates"":[44.039566884482284,63.17707881734762]}"
0000000000000000010f,11,86,10,92,10,92,1,1,7,1,1,2,64.16956808,51.18176213,0,272,6,"{""type"":""Point"",""coordinates"":[51.1817625509992,64.16956769341938]}"
110,11,99,10,99,10,99,1,1,7,1,1,2,61.888502,58.35987,0,273,6,"{""type"":""Point"",""coordinates"":[58.35987181740055,61.888501172225986]}"
111,21,98,20,92,20,92,8,8,4,1,1,2,63.88455671,26.74355109,0,274,6,"{""type"":""Point"",""coordinates"":[26.743552209163777,63.88455533138628]}"
112,15,99,10,99,10,99,5,5,6,4,4,2,61.867058,49.164296,0,275,6,"{""type"":""Point"",""coordinates"":[49.164295788580255,61.867057355259966]}"
113,22,73,20,73,20,73,9,9,4,2,2,2,-31.15289244,124.0726842,0,276,12,"{""type"":""Point"",""coordinates"":[124.07268533530598,-31.152894153954254]}"
114,22,98,20,98,20,98,9,9,4,2,2,2,-34.80774408,141.3121265,0,277,12,"{""type"":""Point"",""coordinates"":[141.31212739555943,-34.80774282319852]}"
115,43,83,40,83,40,83,7,7,2,2,5,2,-31.0471,130.138407,0,278,13,"{""type"":""Point"",""coordinates"":[130.13840495740945,-31.047101981461246]}"
116,43,99,40,99,40,99,7,7,2,2,5,2,-30.61640045,129.5167186,0,279,13,"{""type"":""Point"",""coordinates"":[129.51671708853803,-30.616401869809962]}"
117,31,99,36,99,30,99,12,12,1,6,7,2,-31.383803,116.868816,0,280,12,"{""type"":""Point"",""coordinates"":[116.86881584211885,-31.3838042429059]}"
118,31,99,30,99,30,99,10,10,1,6,6,2,-35.86396267,143.0259892,0,281,12,"{""type"":""Point"",""coordinates"":[143.0259873445524,-35.86396117152615]}"
119,42,99,40,99,40,99,7,7,2,4,5,2,-22.17558028,117.2172334,0,282,13,"{""type"":""Point"",""coordinates"":[117.21723216203092,-22.175582203498017]}"
0000000000000000011a,42,90,40,90,40,90,7,7,2,4,5,2,-26.80282364,146.4537145,0,283,8,"{""type"":""Point"",""coordinates"":[146.45371616074044,-26.80282258036618]}"
0000000000000000011b,41,95,40,95,40,95,6,6,2,4,5,2,-26.2009,115.08157,0,284,13,"{""type"":""Point"",""coordinates"":[115.08156800798827,-26.200901906464683]}"
0000000000000000011c,43,95,40,95,40,95,7,7,2,4,5,2,-23.65093324,124.9800232,0,285,13,"{""type"":""Point"",""coordinates"":[124.98002321766113,-23.650933755344276]}"
0000000000000000011d,43,98,40,98,40,98,7,7,2,2,5,2,-29.7199988,126.492255,0,286,13,"{""type"":""Point"",""coordinates"":[126.49225599432046,-29.719997703237844]}"
0000000000000000011e,31,99,30,99,30,99,10,10,1,6,6,2,-24.17065985,145.5463755,0,287,7,"{""type"":""Point"",""coordinates"":[145.54637381928424,-24.17065981952761]}"
0000000000000000011f,43,99,40,99,40,99,7,7,2,1,5,2,-25.36100144,115.9066325,0,288,13,"{""type"":""Point"",""coordinates"":[115.9066310168063,-25.361003468441833]}"
120,43,99,40,99,40,99,7,7,2,4,5,2,-20.29785834,124.8792078,0,289,13,"{""type"":""Point"",""coordinates"":[124.87920740194379,-20.29785920899301]}"
121,43,99,40,99,40,99,7,7,2,4,5,2,-23.24856425,127.9036713,0,290,13,"{""type"":""Point"",""coordinates"":[127.9036729552624,-23.24856231268554]}"
122,43,99,40,99,40,99,7,7,2,2,5,2,-29.38469131,133.2468903,0,291,13,"{""type"":""Point"",""coordinates"":[133.24688889277712,-29.38469114042293]}"
123,43,98,40,98,40,98,7,7,2,4,5,2,-24.0700676,137.8844011,0,292,13,"{""type"":""Point"",""coordinates"":[137.8844030384724,-24.070066958862927]}"
124,31,99,30,99,30,99,10,10,1,6,6,2,-21.53849605,143.8325128,0,293,7,"{""type"":""Point"",""coordinates"":[143.83251387029125,-21.538497058689046]}"
125,43,99,40,99,40,99,7,7,2,2,5,2,-25.52865518,137.9852166,0,294,13,"{""type"":""Point"",""coordinates"":[137.98521439508872,-25.528656749849286]}"
126,43,99,40,99,40,99,7,7,2,2,5,2,-28.57995334,140.2031565,0,295,13,"{""type"":""Point"",""coordinates"":[140.20315788176953,-28.579952714206495]}"
127,31,99,30,99,30,99,10,10,1,6,6,2,-16.45075078,142.6227274,0,296,7,"{""type"":""Point"",""coordinates"":[142.622728540784,-16.450751938728366]}"
128,41,98,40,98,40,98,6,6,2,4,5,2,-17.23872338,122.9637142,0,297,7,"{""type"":""Point"",""coordinates"":[122.96371582151608,-17.23872414498384]}"
129,41,88,40,88,40,88,6,6,2,4,5,2,-16.255076,136.969616,0,298,7,"{""type"":""Point"",""coordinates"":[136.96961399825693,-16.255077666301055]}"
0000000000000000012a,31,99,30,99,30,99,10,10,1,6,6,2,-16.26633166,141.9170192,0,299,7,"{""type"":""Point"",""coordinates"":[141.91701783076252,-16.266332437359953]}"
0000000000000000012b,43,99,40,99,40,99,7,7,2,4,5,2,-19.08291457,123.6694223,0,300,13,"{""type"":""Point"",""coordinates"":[123.66942207243652,-19.082914699566935]}"
0000000000000000012c,43,80,40,80,40,80,7,7,2,4,5,2,-19.48528356,137.1786929,0,301,7,"{""type"":""Point"",""coordinates"":[137.1786923284509,-19.485281683124626]}"
0000000000000000012d,12,99,10,99,10,99,2,2,5,2,2,2,-2.896491385,101.9941001,0,302,1,"{""type"":""Point"",""coordinates"":[101.99410195702357,-2.8964893530847324]}"
0000000000000000012e,12,99,10,99,10,99,2,2,5,2,2,2,-2.309703278,120.3425124,0,303,1,"{""type"":""Point"",""coordinates"":[120.3425135310669,-2.3097028681586282]}"
0000000000000000012f,12,99,10,99,10,99,2,2,5,2,2,2,-3.567106365,137.2795084,0,304,1,"{""type"":""Point"",""coordinates"":[137.27950814416826,-3.5671069378156184]}"
130,12,99,10,99,10,99,2,2,5,2,2,2,-7.16019,145.5593,0,305,1,"{""type"":""Point"",""coordinates"":[145.55930075323818,-7.160188139267559]}"
131,21,93,20,93,20,93,8,8,4,2,2,2,-1.773211295,103.5063319,0,306,1,"{""type"":""Point"",""coordinates"":[103.50633027458184,-1.7732105840143417]}"
132,12,95,10,93,10,93,2,2,5,2,2,2,-4.2994,144.52758,0,307,1,"{""type"":""Point"",""coordinates"":[144.52758070609818,-4.299398349216714]}"
133,12,99,10,99,10,99,2,2,5,2,2,2,3.666606844,97.45740477,0,308,1,"{""type"":""Point"",""coordinates"":[97.45740362704564,3.666607318722208]}"
134,12,99,10,99,10,99,2,2,5,2,2,2,1.793155,116.305518,0,309,1,"{""type"":""Point"",""coordinates"":[116.3055199015423,1.7931561430264047]}"
135,22,97,25,78,20,97,14,14,4,2,2,2,9.737788,122.762079,0,310,1,"{""type"":""Point"",""coordinates"":[122.76207973098032,9.73778933961616]}"
136,12,99,10,99,10,99,2,2,5,2,2,2,11.9230079,103.4055165,0,311,1,"{""type"":""Point"",""coordinates"":[103.40551445886446,11.923007483665742]}"
137,12,99,10,99,10,99,2,2,5,2,2,2,16.713949,122.18128,0,312,1,"{""type"":""Point"",""coordinates"":[122.18128181876901,16.71395037840801]}"
138,31,99,36,99,30,99,12,12,1,6,7,2,18.458438,82.049413,0,313,2,"{""type"":""Point"",""coordinates"":[82.04941246966558,18.458439892537108]}"
139,14,99,10,99,10,99,4,4,6,4,4,2,18.61239232,97.45740477,0,314,1,"{""type"":""Point"",""coordinates"":[97.45740362704564,18.61239035640732]}"
0000000000000000013a,31,85,36,95,30,85,12,12,1,6,7,2,19.95362228,78.40328431,0,315,2,"{""type"":""Point"",""coordinates"":[78.40328580208183,19.95362106676804]}"
0000000000000000013b,31,97,36,97,30,97,12,12,1,6,7,2,16.527898,81.25075,0,316,2,"{""type"":""Point"",""coordinates"":[81.25075179818498,16.527898846054033]}"
0000000000000000013c,31,99,36,99,30,99,12,12,3,5,8,2,15.81257478,103.1030701,0,317,2,"{""type"":""Point"",""coordinates"":[103.10307147081346,15.812574314161301]}"
0000000000000000013d,31,99,36,99,30,99,12,12,1,6,7,2,10.72192,105.67905,0,318,1,"{""type"":""Point"",""coordinates"":[105.6790495583786,10.721921860313772]}"
0000000000000000013e,12,99,10,99,10,99,2,2,5,2,2,2,26.04729002,96.04598844,0,319,1,"{""type"":""Point"",""coordinates"":[96.04598666610366,26.04729033427453]}"
0000000000000000013f,12,99,10,99,10,99,2,2,5,2,2,2,24.53840632,121.2498515,0,320,1,"{""type"":""Point"",""coordinates"":[121.24985141342206,24.538406342506345]}"
140,14,83,10,98,10,98,4,4,6,4,4,2,22.493,81.8757,0,321,1,"{""type"":""Point"",""coordinates"":[81.87569926992647,22.492998852886508]}"
141,16,97,10,97,10,97,5,5,6,4,4,2,23.18041098,96.3484348,0,322,1,"{""type"":""Point"",""coordinates"":[96.34843411325573,23.180409412184673]}"
142,11,86,10,82,10,82,1,1,7,1,1,2,27.99207346,100.3810529,0,323,5,"{""type"":""Point"",""coordinates"":[100.38105336464689,27.9920737495223]}"
143,22,88,25,90,20,88,14,14,4,2,2,2,25.84610553,105.4218255,0,324,1,"{""type"":""Point"",""coordinates"":[105.42182631411058,25.846104612945155]}"
144,11,99,10,99,10,99,1,1,7,1,1,2,29.56801866,117.4188643,0,325,4,"{""type"":""Point"",""coordinates"":[117.41886379346563,29.568018162033248]}"
145,21,96,10,97,10,97,8,8,4,2,2,2,24.23662958,105.6234564,0,326,1,"{""type"":""Point"",""coordinates"":[105.62345794554528,24.236627760512288]}"
146,21,87,20,87,20,87,8,8,4,4,4,2,26.36583214,107.2365036,0,327,1,"{""type"":""Point"",""coordinates"":[107.2365020788209,26.365830677128482]}"
147,1,99,1,99,1,99,16,15,9,7,11,2,28.78004606,68.22092364,0,328,13,"{""type"":""Point"",""coordinates"":[68.22092408743713,28.78004595577778]}"
148,1,99,1,99,1,99,16,15,9,7,11,2,26.98615099,70.03560178,0,329,13,"{""type"":""Point"",""coordinates"":[70.03559985214746,26.986149601976503]}"
149,31,99,30,99,30,99,10,10,1,6,6,2,29.1726,91.0521,0,330,10,"{""type"":""Point"",""coordinates"":[91.05210116421696,29.172598457916834]}"
0000000000000000014a,22,97,20,97,20,97,9,9,4,2,2,2,27.0458,104.316,0,331,1,"{""type"":""Point"",""coordinates"":[104.31600046656338,27.045798996768447]}"
0000000000000000014b,31,99,36,99,30,99,12,12,1,6,7,2,29.83626466,74.87474348,0,332,13,"{""type"":""Point"",""coordinates"":[74.87474562927747,29.836264304105395]}"
0000000000000000014c,31,99,36,99,30,99,12,12,1,6,7,2,28.063,76.6651,0,333,13,"{""type"":""Point"",""coordinates"":[76.66510145684231,28.063000210878414]}"
0000000000000000014d,31,99,36,99,30,99,12,12,3,5,8,2,26.663052,85.488231,0,334,1,"{""type"":""Point"",""coordinates"":[85.48823107017354,26.663052057845913]}"
0000000000000000014e,31,99,36,99,30,99,12,12,1,6,7,2,25.71198253,88.18238317,0,335,1,"{""type"":""Point"",""coordinates"":[88.18238425385712,25.71198377145961]}"
0000000000000000014f,31,99,36,97,30,99,12,12,1,6,7,2,21.16856604,95.23946483,0,336,2,"{""type"":""Point"",""coordinates"":[95.23946459946585,21.16856557619412]}"
150,31,99,36,96,30,99,12,12,1,6,7,2,21.146434,106.021926,0,337,1,"{""type"":""Point"",""coordinates"":[106.02192767478225,21.14643505766587]}"
151,31,99,36,99,30,99,12,12,3,5,8,2,25.9969939,68.52337,0,338,13,"{""type"":""Point"",""coordinates"":[68.52337153458919,25.996991674391655]}"
152,1,99,1,99,1,99,16,15,9,7,11,2,28.91416906,60.76058018,0,339,10,"{""type"":""Point"",""coordinates"":[60.76058047895896,28.91417125636438]}"
153,1,99,1,99,1,99,16,15,9,7,11,2,27.69029672,63.07933558,0,340,13,"{""type"":""Point"",""coordinates"":[63.07933532225609,27.690295167528237]}"
154,15,99,10,99,10,99,5,5,6,4,4,2,33.607193,107.119625,0,341,4,"{""type"":""Point"",""coordinates"":[107.11962458110904,33.60719229197297]}"
155,15,99,10,99,10,99,5,5,6,4,4,2,33.607193,107.119625,0,342,4,"{""type"":""Point"",""coordinates"":[107.11962458110904,33.60719229197297]}"
156,11,99,10,99,10,99,1,1,7,1,1,2,34.90724456,133.5493367,0,343,4,"{""type"":""Point"",""coordinates"":[133.54933633992917,34.90724320410512]}"
157,31,99,30,99,30,99,10,10,1,6,6,2,36.33230139,64.0874901,0,344,13,"{""type"":""Point"",""coordinates"":[64.0874890203286,36.33230055516957]}"
158,32,88,30,88,30,88,10,10,1,6,6,2,34.47134482,66.70869186,0,345,10,"{""type"":""Point"",""coordinates"":[66.70869131077781,34.47134378062552]}"
159,1,82,1,82,1,82,16,15,9,7,11,2,33.3648301,86.36770503,0,346,10,"{""type"":""Point"",""coordinates"":[86.36770403004573,33.36483123151608]}"
0000000000000000015a,31,99,30,99,30,99,10,10,1,6,6,2,33.01275724,97.55822023,0,347,10,"{""type"":""Point"",""coordinates"":[97.55821944276298,33.01275844874021]}"
0000000000000000015b,31,99,30,99,30,99,10,10,1,6,6,2,34.84018306,101.4900229,0,348,10,"{""type"":""Point"",""coordinates"":[101.49002287843678,34.840182783362344]}"
0000000000000000015c,31,99,30,99,30,99,10,10,1,6,6,2,37.42205073,99.77616017,0,349,10,"{""type"":""Point"",""coordinates"":[99.77615847034275,37.4220513434191]}"
0000000000000000015d,31,99,30,99,30,99,10,10,1,6,6,2,37.28792773,107.9422118,0,350,10,"{""type"":""Point"",""coordinates"":[107.9422127888424,37.2879260428325]}"
0000000000000000015e,1,99,1,99,1,99,16,15,9,7,11,2,35.61139028,84.14976508,0,351,10,"{""type"":""Point"",""coordinates"":[84.14976500246597,35.61138876965686]}"
0000000000000000015f,1,99,1,99,1,99,16,15,9,7,11,2,36.86879337,83.54487237,0,352,13,"{""type"":""Point"",""coordinates"":[83.54487456726288,36.868792839313855]}"
160,31,99,36,99,30,99,12,12,3,5,8,2,33.93485284,74.87474348,0,353,4,"{""type"":""Point"",""coordinates"":[74.87474562927747,33.93485149648123]}"
161,31,99,36,99,30,99,12,12,1,6,7,2,31.6053,73.4522,0,354,13,"{""type"":""Point"",""coordinates"":[73.45219875210613,31.60530116953371]}"
162,22,99,25,97,20,99,14,14,4,1,1,2,31.11826992,105.6234564,0,355,4,"{""type"":""Point"",""coordinates"":[105.62345794554528,31.118269234274248]}"
163,31,99,36,99,30,99,12,12,1,6,7,2,32.7817,115.5553,0,356,4,"{""type"":""Point"",""coordinates"":[115.5552984448053,32.7817012094538]}"
164,22,98,25,98,20,98,14,14,4,4,4,2,36.0896,140.036,0,357,4,"{""type"":""Point"",""coordinates"":[140.035999560579,36.08960060303261]}"
165,1,99,1,99,1,99,16,15,9,7,11,2,39.70214166,61.06302653,0,358,13,"{""type"":""Point"",""coordinates"":[61.063027926111026,39.70214132148179]}"
166,1,99,1,99,1,99,16,15,9,7,11,2,30.78296243,63.48259739,0,359,13,"{""type"":""Point"",""coordinates"":[63.482598585125515,30.78296267145933]}"
167,1,99,1,99,1,99,16,15,9,7,11,2,38.15972721,79.10899248,0,360,13,"{""type"":""Point"",""coordinates"":[79.10899205300228,38.15972934889275]}"
168,1,99,1,99,1,99,16,15,9,7,11,2,39.815,92.4895,0,361,13,"{""type"":""Point"",""coordinates"":[92.48950130699735,39.81500116914451]}"
169,1,99,1,99,1,99,16,15,9,7,11,2,39.46742642,103.0022546,0,362,13,"{""type"":""Point"",""coordinates"":[103.0022556550961,39.46742761933155]}"
0000000000000000016a,14,99,10,99,10,99,4,4,6,4,4,2,44.60546782,131.3313967,0,363,4,"{""type"":""Point"",""coordinates"":[131.33139731234942,44.60546694007405]}"
0000000000000000016b,14,95,10,99,10,99,4,4,6,4,4,2,40.41412419,140.303972,0,364,5,"{""type"":""Point"",""coordinates"":[140.3039736974869,40.41412598668549]}"
0000000000000000016c,31,99,36,97,30,99,12,12,1,6,7,2,42.92893037,81.42774788,0,365,5,"{""type"":""Point"",""coordinates"":[81.42774689629941,42.92892966689842]}"
0000000000000000016d,32,99,30,99,30,99,10,10,1,6,6,2,42.05713089,108.64792,0,366,13,"{""type"":""Point"",""coordinates"":[108.64791903976285,42.05713081993921]}"
0000000000000000016e,31,99,30,99,30,99,10,10,1,6,6,2,42.20801926,115.4025553,0,367,8,"{""type"":""Point"",""coordinates"":[115.40255639732057,42.20801788138572]}"
0000000000000000016f,31,99,30,99,30,99,10,10,1,6,6,2,49.73567241,68.22092364,0,368,13,"{""type"":""Point"",""coordinates"":[68.22092408743713,49.735671620265634]}"
170,31,99,30,99,30,99,10,10,1,6,6,2,47.17057011,97.35658932,0,369,8,"{""type"":""Point"",""coordinates"":[97.35658781132825,47.17056928016985]}"
171,31,99,30,99,30,99,10,10,1,6,6,2,47.22086624,106.3291646,0,370,8,"{""type"":""Point"",""coordinates"":[106.32916419646574,47.22086794005273]}"
172,32,99,30,99,30,99,10,10,1,6,6,2,42.24155001,111.0674908,0,371,13,"{""type"":""Point"",""coordinates"":[111.06748969877735,42.241550321307635]}"
173,31,99,36,98,30,99,12,12,1,6,7,2,40.9604,107.26,0,372,13,"{""type"":""Point"",""coordinates"":[107.26000154137256,40.96040153854105]}"
174,31,99,36,99,30,99,12,12,1,6,7,2,45.6682,122.592,0,373,8,"{""type"":""Point"",""coordinates"":[122.5920006985998,45.668200035040755]}"
175,31,99,36,99,30,99,12,12,1,6,7,2,44.77312156,126.7947014,0,374,4,"{""type"":""Point"",""coordinates"":[126.79470344147254,44.773120221481506]}"
176,1,99,1,99,1,99,16,15,9,7,11,2,40.66560481,62.87770467,0,375,13,"{""type"":""Point"",""coordinates"":[62.87770369082137,40.665605908796685]}"
177,32,91,30,91,30,91,10,10,1,6,6,2,44.38751795,62.17199651,0,376,13,"{""type"":""Point"",""coordinates"":[62.17199743990091,44.38751945788478]}"
178,32,93,30,93,30,93,10,10,1,6,6,2,45.76227866,68.7250009,0,377,13,"{""type"":""Point"",""coordinates"":[68.72499870692286,45.76227814906637]}"
179,32,98,30,98,30,98,10,10,1,6,6,2,46.04729002,76.08452891,0,378,13,"{""type"":""Point"",""coordinates"":[76.08453095878471,46.04729051109946]}"
0000000000000000017a,1,99,1,99,1,99,16,15,9,7,11,2,45.24255205,88.08156772,0,379,13,"{""type"":""Point"",""coordinates"":[88.08156843813975,45.24255208488303]}"
0000000000000000017b,1,99,1,99,1,99,16,15,9,7,11,2,48.6248,93.4382,0,380,13,"{""type"":""Point"",""coordinates"":[93.43820181072427,48.62479807032594]}"
0000000000000000017c,1,99,1,99,1,99,16,15,9,7,11,2,44.20309883,106.8332418,0,381,13,"{""type"":""Point"",""coordinates"":[106.83324327505254,44.20309995651636]}"
0000000000000000017d,1,99,1,99,1,99,16,15,9,7,11,2,41.21886217,93.22315578,0,382,13,"{""type"":""Point"",""coordinates"":[93.2231572033208,41.21885995380087]}"
0000000000000000017e,1,99,1,99,1,99,16,15,9,7,11,2,40.26323582,101.9941001,0,383,13,"{""type"":""Point"",""coordinates"":[101.99410195702357,40.263234466137945]}"
0000000000000000017f,15,98,10,99,10,99,5,5,6,4,4,2,57.55617373,73.96740441,0,384,6,"{""type"":""Point"",""coordinates"":[73.96740328782126,57.55617236172957]}"
180,15,98,10,99,10,99,5,5,6,4,4,2,57.75735822,89.29135315,0,385,6,"{""type"":""Point"",""coordinates"":[89.29135376764701,57.757358083058946]}"
181,11,99,10,99,10,99,1,1,7,1,1,2,59.31653805,92.41663216,0,386,6,"{""type"":""Point"",""coordinates"":[92.41663067758195,59.31653627560895]}"
182,11,99,10,99,10,99,1,1,7,1,1,2,54.84018306,97.75985113,0,387,5,"{""type"":""Point"",""coordinates"":[97.75985107419771,54.84018296018728]}"
183,15,98,10,98,10,98,5,5,8,3,3,2,56.0803,106.045,0,388,6,"{""type"":""Point"",""coordinates"":[106.0449990636328,56.08029909506005]}"
184,21,98,20,98,20,98,8,8,4,4,4,2,59.04829206,107.53895,0,389,6,"{""type"":""Point"",""coordinates"":[107.538949525973,59.048290133536796]}"
185,21,91,20,91,20,91,8,8,4,3,3,2,55.4132,122.328,0,390,6,"{""type"":""Point"",""coordinates"":[122.32799962073051,55.413199741060346]}"
186,13,85,10,76,10,76,3,3,8,3,3,2,59.06505743,130.1216113,0,391,6,"{""type"":""Point"",""coordinates"":[130.12161198284215,59.06505635349776]}"
187,21,98,20,98,20,98,8,8,4,3,3,2,51.0679738,123.366976,0,392,5,"{""type"":""Point"",""coordinates"":[123.36697462528448,51.067975210317364]}"
188,15,81,10,94,10,94,5,5,6,4,4,2,51.38651591,132.9444439,0,393,6,"{""type"":""Point"",""coordinates"":[132.94444590472608,51.38651555317132]}"
189,15,99,10,99,10,99,5,5,7,1,1,2,55.61139028,86.67015139,0,394,5,"{""type"":""Point"",""coordinates"":[86.6701514771978,55.61138894648179]}"
0000000000000000018a,15,99,10,99,10,99,5,5,7,1,1,2,52.00683477,87.67830591,0,395,5,"{""type"":""Point"",""coordinates"":[87.67830517527034,52.006834478019336]}"
0000000000000000018b,15,99,10,99,10,99,5,5,7,1,1,2,57.03644712,105.5226409,0,396,6,"{""type"":""Point"",""coordinates"":[105.52264212982793,57.03644629754625]}"
0000000000000000018c,22,98,20,98,20,98,9,9,4,4,4,2,56.51672051,69.53152452,0,397,4,"{""type"":""Point"",""coordinates"":[69.53152523266172,56.51672023336291]}"
0000000000000000018d,31,99,36,91,30,99,12,12,1,6,7,2,51.31945441,119.4351734,0,398,8,"{""type"":""Point"",""coordinates"":[119.43517118961067,51.31945513242855]}"
0000000000000000018e,31,99,30,99,30,99,10,10,1,6,6,2,50.1458782,67.81766183,0,399,8,"{""type"":""Point"",""coordinates"":[67.8176608245677,50.14587770347529]}"
0000000000000000018f,32,96,30,96,30,96,10,10,1,6,6,2,50.43,94.2514,0,400,13,"{""type"":""Point"",""coordinates"":[94.25139915163912,50.4299982452977]}"
190,31,98,30,98,50,98,11,11,1,6,6,2,59.55125329,80.62122426,0,401,6,"{""type"":""Point"",""coordinates"":[80.6212248296616,59.551254436860226]}"
191,31,99,30,99,30,99,10,10,1,6,6,2,51.68829265,63.18015103,0,402,8,"{""type"":""Point"",""coordinates"":[63.18015113797344,51.68829413516537]}"
192,31,99,36,99,30,99,12,12,1,6,7,2,51.93977327,68.12010819,0,403,8,"{""type"":""Point"",""coordinates"":[68.12010827171976,51.93977405727656]}"
193,22,99,20,99,20,99,9,9,4,4,4,2,55.19225592,70.53967904,0,404,8,"{""type"":""Point"",""coordinates"":[70.53967893073424,55.192255742963155]}"
194,21,79,20,81,20,81,8,8,4,1,1,2,63.4411,63.848,0,405,6,"{""type"":""Point"",""coordinates"":[63.847999620950134,63.441102190722155]}"
195,11,96,10,94,10,94,1,1,7,1,1,2,60.11234745,91.30766219,0,406,6,"{""type"":""Point"",""coordinates"":[91.30766116379206,60.11234758151637]}"
196,21,91,20,91,20,91,8,8,4,3,3,2,62.35890763,97.05414297,0,407,6,"{""type"":""Point"",""coordinates"":[97.05414482327724,62.35890957875821]}"
197,22,72,20,72,20,72,9,9,4,3,3,2,63.59954535,107.3373191,0,408,6,"{""type"":""Point"",""coordinates"":[107.33731789453826,63.599547428454244]}"
198,22,88,20,88,20,88,7,7,2,3,3,2,68.41120782,120.3425124,0,409,6,"{""type"":""Point"",""coordinates"":[120.3425135310669,68.41120730669083]}"
199,21,78,20,78,20,78,8,8,4,3,3,2,61.7218234,113.8903235,0,410,6,"{""type"":""Point"",""coordinates"":[113.89032362066126,61.72182443394924]}"
0000000000000000019a,22,96,20,96,20,96,9,9,4,3,3,2,62.61038825,122.1571906,0,411,6,"{""type"":""Point"",""coordinates"":[122.15718929577723,62.610389500869395]}"
0000000000000000019b,21,74,20,74,20,74,8,8,4,3,3,2,62.35890763,133.0452594,0,412,6,"{""type"":""Point"",""coordinates"":[133.04525726134239,62.35890957875821]}"
0000000000000000019c,22,90,20,90,20,90,9,9,4,3,3,2,67.92501196,147.5626845,0,413,6,"{""type"":""Point"",""coordinates"":[147.56268567453034,67.9250136824294]}"
0000000000000000019d,42,99,40,99,40,99,7,7,2,1,5,2,68.66268844,62.37362741,0,414,11,"{""type"":""Point"",""coordinates"":[62.37362907133563,68.66268722880201]}"
0000000000000000019e,42,99,40,99,40,99,7,7,2,4,5,2,67.55617373,75.58045165,0,415,11,"{""type"":""Point"",""coordinates"":[75.58045188019793,67.55617467969259]}"
0000000000000000019f,42,99,40,99,40,99,7,7,2,3,5,2,69.16564968,101.7924692,0,416,6,"{""type"":""Point"",""coordinates"":[101.79247032558887,69.16565153212544]}"
000000000000000001a0,42,99,40,99,40,99,7,7,2,3,5,2,69.92009153,150.9904099,0,417,11,"{""type"":""Point"",""coordinates"":[150.99041003161733,69.920091298459]}"
000000000000000001a1,3,,3,,3,,17,0,0,0,0,1,61.0679738,68.22092364,4,418,6,"{""type"":""Point"",""coordinates"":[68.22092408743713,61.06797306917931]}"
000000000000000001a2,3,,3,,3,,17,0,0,0,0,1,61.10150455,75.58045165,4,419,6,"{""type"":""Point"",""coordinates"":[75.58045188019793,61.10150550910121]}"
000000000000000001a3,1,98,1,98,1,98,16,15,9,7,11,2,69.13211893,95.23946483,0,420,11,"{""type"":""Point"",""coordinates"":[95.23946459946585,69.13211909220352]}"
000000000000000001a4,1,99,1,99,1,99,16,15,9,7,11,2,32.667164,6.710958,0,421,13,"{""type"":""Point"",""coordinates"":[6.7109560036381515,32.66716473979499]}"
000000000000000001a5,1,99,1,99,1,99,16,15,9,7,11,2,25.33482222,0.87946667,0,422,13,"{""type"":""Point"",""coordinates"":[0.8794685007711305,25.33482408615705]}"
000000000000000001a6,1,99,1,99,1,99,16,15,9,7,11,2,36.67410768,82.52232102,0,423,13,"{""type"":""Point"",""coordinates"":[82.52232243188877,36.6741084873204]}"
000000000000000001a7,1,99,1,99,1,99,16,15,9,7,11,2,43.370536,108.915178,0,424,13,"{""type"":""Point"",""coordinates"":[108.9151797205022,43.37053673972644]}"
000000000000000001a8,1,99,1,99,1,99,16,15,9,7,11,2,24.87053654,-14.47767946,0,425,13,"{""type"":""Point"",""coordinates"":[-14.477679986397527,24.87053802537121]}"
000000000000000001a9,1,99,1,99,1,99,16,15,9,7,11,2,20.53125152,-8.05803603,0,426,13,"{""type"":""Point"",""coordinates"":[-8.058037054580993,20.53125301723142]}"
000000000000000001aa,1,99,1,99,1,99,16,15,9,7,11,2,30.60268008,8.91517714,0,427,13,"{""type"":""Point"",""coordinates"":[8.91517883637752,30.60268121586851]}"
000000000000000001ab,1,99,1,99,1,99,16,15,9,7,11,2,41.79017989,106.7901775,0,428,13,"{""type"":""Point"",""coordinates"":[106.79017727707834,41.79017781717257]}"
000000000000000001ac,1,99,1,99,1,99,16,15,9,7,11,2,45.17410792,102.6205353,0,429,13,"{""type"":""Point"",""coordinates"":[102.62053430941585,45.17410934281368]}"
000000000000000001ad,1,99,1,99,1,99,16,15,9,7,11,2,38.6919645,89.56696275,0,430,10,"{""type"":""Point"",""coordinates"":[89.56696188555838,38.691963191531]}"
000000000000000001ae,12,99,10,99,10,99,2,2,5,2,2,2,-9.404247,-53.716628,0,431,1,"{""type"":""Point"",""coordinates"":[-53.71662772685158,-9.404248580818411]}"
000000000000000001af,12,99,10,99,10,99,2,2,5,2,2,2,-15.493536,-66.256367,0,432,1,"{""type"":""Point"",""coordinates"":[-66.25636901811836,-15.493534551989354]}"
000000000000000001b0,12,99,10,99,10,99,2,2,5,2,2,2,-12.058939,-67.118947,0,433,1,"{""type"":""Point"",""coordinates"":[-67.11894644409904,-12.058938720178988]}"
000000000000000001b1,12,99,10,99,10,99,2,2,5,2,2,2,-4.606072,-60.335522,0,434,1,"{""type"":""Point"",""coordinates"":[-60.33552113014028,-4.606073024167456]}"
000000000000000001b2,12,99,10,99,10,99,2,2,5,2,2,2,-3.807931,-72.589258,0,435,1,"{""type"":""Point"",""coordinates"":[-72.5892601389401,-3.8079296084090704]}"
000000000000000001b3,12,99,10,99,10,99,2,2,5,2,2,2,3.048456,-69.839614,0,436,1,"{""type"":""Point"",""coordinates"":[-69.8396134426464,3.0484555169861682]}"
000000000000000001b4,12,99,10,99,10,99,2,2,5,2,2,2,0.191078,-53.387967,0,437,1,"{""type"":""Point"",""coordinates"":[-53.38796522460629,0.19107693924120933]}"
000000000000000001b5,12,99,10,99,10,99,2,2,5,2,2,2,0.776286,-62.651056,0,438,1,"{""type"":""Point"",""coordinates"":[-62.65105650247681,0.776284902394393]}"
000000000000000001b6,12,99,10,99,10,99,2,2,5,2,2,2,18.289064,105.505075,0,439,1,"{""type"":""Point"",""coordinates"":[105.50507327167735,18.289065398123018]}"
000000000000000001b7,12,99,10,99,10,99,2,2,5,2,2,2,26.789958,97.561908,0,440,1,"{""type"":""Point"",""coordinates"":[97.5619071193342,26.78995807382699]}"
000000000000000001b8,12,99,10,99,10,99,2,2,5,2,2,2,13.866614,106.360339,0,441,2,"{""type"":""Point"",""coordinates"":[106.36033777193036,13.866613696235412]}"
000000000000000001b9,12,99,10,99,10,99,2,2,5,2,2,2,13.081592,105.707092,0,442,2,"{""type"":""Point"",""coordinates"":[105.70709284490373,13.08159341487732]}"
000000000000000001ba,12,99,10,99,10,99,2,2,5,2,2,2,-2.617722,113.878875,0,443,1,"{""type"":""Point"",""coordinates"":[113.87887710825707,-2.6177241916275094]}"
000000000000000001bb,12,99,10,99,10,99,2,2,5,2,2,2,11.289011,103.908478,0,444,1,"{""type"":""Point"",""coordinates"":[103.90847876218793,11.289012495886807]}"
000000000000000001bc,12,99,10,99,10,99,2,2,5,2,2,2,12.648653,99.179983,0,445,1,"{""type"":""Point"",""coordinates"":[99.1799811185981,12.648654834497206]}"
